tail,origin,destination,block_minutes,fuel_cost
N523SP,KSEA,KORD,93,7724.12
N758SP,KMIA,KORD,160,8406.51
N180SP,KDEN,KDCA,351,1610.78
N613SP,KPHL,KSEA,302,7560.61
N765SP,KDEN,KPHL,291,5380.08
N566SP,KSFO,KATL,283,7241.48
N519SP,KORD,KDEN,87,4299.12
N259SP,KORD,KDFW,382,1053.60
N247SP,KDCA,KSEA,220,6753.75
N199SP,KDEN,KBOS,183,7859.93
N791SP,KDFW,KBOS,75,5249.15
N170SP,KSEA,KPHL,163,3576.64
N616SP,KDFW,KATL,118,6451.61
N247SP,KPHL,KBOS,390,3140.10
N613SP,KATL,KORD,109,7993.65
N765SP,KDCA,KSEA,285,2666.25
N197SP,KMIA,KORD,198,4022.49
N566SP,KPHL,KATL,176,3712.10
N727SP,KMIA,KPHL,369,3417.97
N760SP,KSFO,KORD,73,8757.22
N170SP,KORD,KDFW,240,1675.61
N760SP,KMIA,KORD,144,8467.27
N170SP,KATL,KORD,308,4184.32
N519SP,KORD,KDEN,303,4234.57
N791SP,KMIA,KDEN,83,4228.34
N443SP,KSFO,KSEA,118,3196.47
N247SP,KATL,KMIA,110,3585.81
N519SP,KDEN,KBOS,189,8782.33
N357SP,KATL,KDCA,289,3454.43
N115SP,KMIA,KORD,382,3540.67
N302SP,KDEN,KATL,127,1804.14
N170SP,KDEN,KDCA,103,1825.03
N115SP,KORD,KSFO,69,3078.20
N137SP,KORD,KDCA,322,8962.80
N180SP,KMIA,KORD,107,3699.66
N808SP,KSFO,KBOS,220,1930.95
N698SP,KSEA,KATL,93,7708.17
N131SP,KORD,KPHL,104,7743.63
N501SP,KDCA,KBOS,137,5541.81
N137SP,KORD,KDEN,306,1955.45
N808SP,KSEA,KSFO,58,1831.64
N357SP,KDEN,KPHL,71,3899.87
N137SP,KBOS,KDCA,306,8232.33
N913SP,KSFO,KDEN,319,4351.17
N913SP,KSFO,KDCA,283,5109.17
N586SP,KSEA,KATL,140,7440.02
N131SP,KATL,KSEA,276,5339.71
N357SP,KMIA,KPHL,148,6801.28
N614SP,KMIA,KDFW,58,974.63
N941SP,KDCA,KPHL,69,2340.32
N765SP,KSFO,KDCA,229,3190.51
N443SP,KORD,KMIA,167,2299.34
N586SP,KDFW,KDEN,83,6676.36
N259SP,KDCA,KATL,377,7185.94
N913SP,KSEA,KPHL,170,8146.79
N247SP,KMIA,KDEN,255,6240.85
N399SP,KDEN,KATL,262,6769.03
N115SP,KDFW,KSFO,47,8292.43
N899SP,KATL,KDCA,183,1505.95
N913SP,KDEN,KMIA,64,1877.22
N302SP,KDEN,KORD,239,5825.78
N302SP,KPHL,KDFW,380,852.65
N941SP,KPHL,KDFW,389,5359.40
N137SP,KDEN,KMIA,211,8529.51
N131SP,KDFW,KSEA,378,5875.98
N765SP,KPHL,KDCA,82,5168.05
N399SP,KMIA,KSEA,133,5249.14
N501SP,KPHL,KDEN,75,3540.30
N614SP,KMIA,KDCA,161,3475.70
N614SP,KPHL,KDCA,146,3315.99
N180SP,KMIA,KDCA,364,7900.46
N758SP,KDCA,KMIA,329,4695.58
N899SP,KPHL,KBOS,223,7756.08
N791SP,KDFW,KBOS,219,5683.03
N566SP,KDFW,KSFO,212,2935.22
N125SP,KSFO,KDEN,51,1311.67
N199SP,KSEA,KSFO,87,8898.30
N131SP,KSEA,KATL,64,5431.95
N758SP,KDFW,KORD,130,4763.60
N151SP,KDEN,KDCA,121,4394.52
N523SP,KDCA,KBOS,265,2489.16
N115SP,KDEN,KORD,283,7141.80
N899SP,KATL,KORD,377,8487.78
N443SP,KDEN,KMIA,189,1513.48
N115SP,KSFO,KDFW,270,3460.32
N941SP,KBOS,KSFO,133,1533.00
N180SP,KSEA,KMIA,234,1649.42
N758SP,KDFW,KORD,148,2847.33
N899SP,KBOS,KATL,113,8942.77
N259SP,KDFW,KSEA,209,3285.54
N312SP,KBOS,KSFO,310,2497.82
N259SP,KDFW,KDCA,132,5433.46
N765SP,KDEN,KBOS,361,4336.01
N614SP,KMIA,KSFO,301,5885.70
N191SP,KSEA,KBOS,293,3118.14
N727SP,KORD,KPHL,241,5538.93
N519SP,KDEN,KDCA,134,8383.67
N613SP,KPHL,KATL,105,8639.22
N913SP,KMIA,KBOS,175,4724.85
N765SP,KORD,KSEA,78,3154.14
N808SP,KBOS,KATL,89,913.00
N614SP,KBOS,KDEN,237,7107.17
N941SP,KBOS,KSEA,302,6838.21
N760SP,KSFO,KPHL,214,8644.30
N462SP,KATL,KSFO,362,8806.14
N698SP,KDCA,KSFO,330,8547.58
N899SP,KBOS,KDEN,126,2863.06
N302SP,KDCA,KSFO,269,3703.79
N501SP,KSFO,KMIA,75,6093.86
N566SP,KSFO,KATL,221,5224.44
N482SP,KORD,KSEA,201,4225.50
N616SP,KSEA,KDFW,247,6149.41
N482SP,KPHL,KSFO,334,5486.53
N191SP,KSFO,KSEA,246,3961.86
N197SP,KORD,KPHL,258,1680.06
N115SP,KSFO,KBOS,79,3265.96
N519SP,KMIA,KBOS,270,6231.02
N613SP,KMIA,KSEA,248,8991.74
N137SP,KDEN,KORD,197,8074.92
N913SP,KPHL,KSFO,352,5918.68
N137SP,KSFO,KSEA,109,3958.53
N614SP,KORD,KATL,207,3916.17
N760SP,KPHL,KBOS,114,3020.12
N197SP,KSEA,KORD,123,5589.63
N698SP,KATL,KPHL,358,8814.16
N760SP,KBOS,KMIA,88,3099.76
N115SP,KPHL,KDFW,299,4894.52
N482SP,KSFO,KATL,333,8396.13
N519SP,KPHL,KBOS,108,1911.82
N137SP,KSEA,KATL,170,4010.68
N180SP,KDFW,KBOS,56,2075.33
N614SP,KORD,KATL,300,2660.85
N125SP,KBOS,KORD,142,3318.67
N765SP,KBOS,KDEN,199,925.93
N302SP,KDFW,KSEA,173,6737.12
N727SP,KMIA,KBOS,346,8561.84
N443SP,KSEA,KATL,259,5067.93
N791SP,KORD,KATL,156,2987.17
N131SP,KPHL,KDEN,196,1950.47
N913SP,KDCA,KSEA,191,7728.83
N302SP,KATL,KPHL,213,4659.68
N443SP,KSEA,KATL,167,1645.82
N616SP,KBOS,KPHL,108,1501.28
N698SP,KMIA,KDFW,136,4730.52
N586SP,KATL,KMIA,166,1572.99
N899SP,KMIA,KSEA,343,7436.23
N197SP,KSEA,KORD,241,4504.78
N197SP,KMIA,KORD,263,7524.32
N501SP,KMIA,KPHL,123,1374.90
N137SP,KMIA,KDFW,355,8923.46
N115SP,KORD,KSEA,333,3244.73
N519SP,KDCA,KSFO,220,7878.33
N247SP,KPHL,KORD,258,4060.31
N859SP,KATL,KMIA,312,8405.83
N191SP,KMIA,KORD,159,6785.09
N899SP,KSFO,KBOS,73,4862.32
N519SP,KSEA,KORD,100,4103.88
N125SP,KSFO,KSEA,227,7847.77
N698SP,KDEN,KATL,145,3465.59
N302SP,KSFO,KMIA,62,812.73
N199SP,KDFW,KDEN,330,5909.00
N791SP,KDFW,KATL,139,8754.02
N566SP,KMIA,KDCA,61,6543.53
N501SP,KORD,KDEN,267,5573.55
N259SP,KBOS,KATL,249,4425.14
N566SP,KSFO,KDFW,386,1920.33
N613SP,KSFO,KBOS,314,4381.15
N115SP,KSEA,KDFW,272,970.79
N443SP,KBOS,KORD,269,6045.08
N191SP,KDCA,KDFW,219,3840.90
N197SP,KSFO,KBOS,276,2837.16
N125SP,KDFW,KSEA,380,4966.00
N170SP,KSEA,KSFO,221,5991.33
N259SP,KMIA,KATL,288,6345.75
N616SP,KSFO,KPHL,116,2917.81
N765SP,KORD,KPHL,136,2759.14
N808SP,KDEN,KSFO,217,2411.15
N859SP,KSFO,KDEN,158,5458.19
N357SP,KBOS,KPHL,196,5947.79
N698SP,KDFW,KBOS,383,2264.11
N399SP,KMIA,KSFO,330,7503.27
N913SP,KATL,KMIA,335,3806.56
N443SP,KPHL,KSFO,219,1827.21
N302SP,KDCA,KATL,105,1772.15
N586SP,KSEA,KBOS,232,1533.60
N760SP,KPHL,KSFO,321,5319.63
N482SP,KDFW,KSEA,181,1635.82
N760SP,KDEN,KMIA,292,7472.15
N616SP,KORD,KPHL,299,1937.38
N357SP,KPHL,KSFO,369,6476.43
N727SP,KSFO,KDFW,243,6140.82
N765SP,KMIA,KBOS,71,8896.64
N519SP,KPHL,KMIA,47,5502.63
N941SP,KORD,KDFW,88,4733.48
N443SP,KSFO,KSEA,266,2900.37
N519SP,KBOS,KSFO,111,5347.22
N151SP,KDFW,KATL,316,8973.82
N586SP,KBOS,KDFW,135,3725.37
N247SP,KATL,KDFW,378,7759.07
N519SP,KDCA,KATL,57,1172.84
N913SP,KSFO,KDFW,120,4228.63
N364SP,KDFW,KATL,61,8210.47
N259SP,KATL,KSFO,377,8507.63
N364SP,KSFO,KSEA,366,5113.48
N482SP,KMIA,KSEA,212,3431.08
N791SP,KBOS,KSEA,265,6533.77
N859SP,KMIA,KBOS,56,2374.56
N180SP,KSFO,KPHL,68,3900.84
N462SP,KATL,KPHL,81,4321.49
N758SP,KDFW,KDEN,308,3716.69
N616SP,KSEA,KATL,357,1878.33
N616SP,KSFO,KPHL,313,2178.18
N698SP,KORD,KMIA,335,4646.71
N614SP,KMIA,KPHL,239,3012.11
N758SP,KBOS,KORD,182,7091.97
N698SP,KSFO,KMIA,274,4457.24
N941SP,KSFO,KDCA,237,2408.24
N613SP,KDFW,KMIA,94,4783.67
N613SP,KDEN,KORD,179,2773.94
N399SP,KATL,KDCA,140,1546.39
N613SP,KDEN,KDCA,183,7448.14
N501SP,KDCA,KDFW,115,1481.12
N137SP,KSFO,KDFW,354,7444.29
N443SP,KATL,KORD,170,1478.92
N698SP,KDFW,KORD,337,6299.19
N115SP,KBOS,KATL,249,4286.47
N151SP,KPHL,KDEN,280,3583.16
N727SP,KPHL,KDFW,278,8234.34
N151SP,KMIA,KDCA,238,1609.24
N137SP,KDEN,KMIA,228,5524.99
N399SP,KATL,KMIA,244,1665.99
N462SP,KSEA,KBOS,164,1731.21
N808SP,KATL,KDEN,194,1424.59
N760SP,KDCA,KSFO,135,2474.15
N616SP,KSEA,KORD,251,7900.77
N586SP,KDFW,KATL,364,1619.07
N758SP,KDEN,KORD,237,1603.13
N302SP,KDCA,KMIA,109,4879.97
N170SP,KBOS,KORD,162,2196.40
N399SP,KATL,KSFO,330,3618.98
N151SP,KDCA,KATL,279,8578.33
N302SP,KPHL,KATL,245,1621.17
N913SP,KATL,KDFW,61,4205.73
N616SP,KATL,KDFW,209,3136.77
N566SP,KORD,KBOS,164,1083.26
N614SP,KMIA,KSFO,285,5737.85
N199SP,KORD,KMIA,50,2390.19
N791SP,KPHL,KSFO,283,8421.28
N765SP,KSFO,KDEN,104,7670.57
N115SP,KORD,KPHL,92,3976.37
N462SP,KSEA,KBOS,93,2967.36
N523SP,KDFW,KMIA,119,1652.80
N131SP,KDEN,KPHL,74,5733.03
N312SP,KDFW,KSFO,78,8819.48
N765SP,KORD,KDCA,240,7478.94
N523SP,KPHL,KBOS,226,2469.89
N199SP,KPHL,KSFO,160,7137.72
N899SP,KDCA,KSEA,243,7863.55
N312SP,KPHL,KDFW,360,869.27
N482SP,KDFW,KDEN,212,1912.22
N758SP,KSEA,KDFW,115,4185.91
N482SP,KDFW,KORD,231,1754.07
N791SP,KDCA,KDEN,345,6949.43
N199SP,KBOS,KATL,351,3637.68
N859SP,KORD,KSEA,78,4319.50
N791SP,KDEN,KPHL,62,8600.99
N170SP,KBOS,KSEA,123,1880.15
N765SP,KMIA,KORD,145,8249.80
N791SP,KSEA,KSFO,275,7227.87
N462SP,KSEA,KMIA,368,2656.47
N501SP,KMIA,KATL,102,4027.76
N698SP,KDEN,KMIA,204,3751.72
N259SP,KDFW,KORD,351,3164.49
N302SP,KDFW,KPHL,234,3029.62
N941SP,KPHL,KATL,359,4677.51
N758SP,KDFW,KDCA,390,8401.43
N566SP,KMIA,KORD,280,1788.15
N180SP,KDEN,KDCA,350,2918.10
N899SP,KDFW,KDEN,85,5002.69
N125SP,KDCA,KSEA,379,2850.21
N115SP,KSFO,KDEN,73,4680.57
N698SP,KPHL,KMIA,273,5427.38
N614SP,KBOS,KORD,62,5803.82
N357SP,KMIA,KORD,345,6252.09
N566SP,KDEN,KMIA,310,3477.51
N312SP,KDFW,KSFO,183,4729.53
N519SP,KBOS,KMIA,250,967.42
N443SP,KDCA,KORD,128,4562.10
N191SP,KORD,KMIA,174,4239.82
N614SP,KMIA,KBOS,273,3381.89
N399SP,KATL,KBOS,354,6870.15
N727SP,KBOS,KDEN,194,6200.95
N791SP,KORD,KPHL,335,7151.24
N199SP,KORD,KDEN,146,8518.72
N180SP,KDFW,KORD,352,1746.95
N131SP,KSEA,KORD,102,4595.63
N727SP,KDCA,KSFO,191,6210.33
N247SP,KSEA,KORD,173,6506.28
N859SP,KATL,KMIA,352,7460.84
N131SP,KMIA,KDCA,276,5475.37
N727SP,KDCA,KPHL,259,6813.00
N566SP,KPHL,KDFW,46,3577.93
N523SP,KSEA,KPHL,139,4959.86
N115SP,KBOS,KSFO,233,1879.32
N727SP,KDEN,KDFW,268,1344.26
N519SP,KDCA,KPHL,158,6137.86
N765SP,KMIA,KSFO,120,5010.24
N312SP,KSEA,KMIA,151,1519.46
N482SP,KDFW,KSFO,383,2153.61
N760SP,KORD,KDEN,250,3493.12
N247SP,KSFO,KORD,229,1770.44
N137SP,KMIA,KDEN,351,5498.29
N808SP,KBOS,KSEA,252,1340.08
N613SP,KORD,KBOS,305,1437.90
N180SP,KATL,KPHL,280,4303.04
N462SP,KDFW,KSEA,211,1557.01
N357SP,KSFO,KDFW,183,1193.52
N247SP,KDCA,KPHL,214,4747.97
N758SP,KDFW,KSEA,218,5143.40
N482SP,KDFW,KPHL,108,6795.88
N765SP,KPHL,KDFW,256,8558.13
N302SP,KMIA,KPHL,189,7339.97
N698SP,KDCA,KSEA,185,7073.79
N758SP,KSFO,KDFW,156,6604.63
N758SP,KDCA,KDEN,383,6734.85
N462SP,KDEN,KSEA,187,1047.32
N259SP,KSEA,KMIA,63,3172.83
N616SP,KDEN,KPHL,363,2532.57
N727SP,KSFO,KDFW,193,4102.80
N899SP,KDCA,KPHL,354,3383.43
N170SP,KATL,KDEN,342,8336.06
N180SP,KDEN,KDCA,311,839.32
N899SP,KDEN,KATL,128,3468.64
N115SP,KPHL,KDCA,57,6084.86
N808SP,KPHL,KORD,320,7161.82
N462SP,KSFO,KBOS,55,4269.80
N399SP,KMIA,KDEN,323,7376.11
N197SP,KSEA,KDCA,242,1559.79
N197SP,KDCA,KPHL,155,4296.15
N760SP,KATL,KDEN,93,8652.42
N613SP,KORD,KPHL,106,1967.66
N859SP,KPHL,KATL,156,2736.48
N151SP,KSFO,KPHL,256,4050.07
N758SP,KMIA,KSEA,116,2384.56
N913SP,KATL,KMIA,168,7109.72
N137SP,KSFO,KDEN,132,6014.63
N482SP,KDFW,KBOS,358,6950.59
N247SP,KPHL,KSEA,194,4266.49
N125SP,KSFO,KSEA,225,7398.61
N399SP,KORD,KDFW,113,2414.00
N519SP,KDEN,KDCA,146,6927.50
N566SP,KSEA,KSFO,45,8674.89
N566SP,KSEA,KDCA,50,2189.48
N312SP,KDEN,KSEA,137,2839.52
N259SP,KDCA,KSFO,340,4345.00
N899SP,KDCA,KMIA,243,3028.40
N859SP,KDEN,KDCA,128,5220.32
N131SP,KMIA,KPHL,368,1290.39
N199SP,KATL,KMIA,221,7467.68
N760SP,KORD,KDCA,76,3960.67
N151SP,KSEA,KDCA,272,5247.71
N566SP,KDCA,KPHL,59,4884.62
N180SP,KATL,KSEA,244,2714.40
N519SP,KMIA,KDEN,286,7281.13
N247SP,KORD,KPHL,323,961.83
N170SP,KSEA,KORD,129,5023.61
N614SP,KBOS,KSFO,247,4392.68
N586SP,KORD,KSFO,118,2584.99
N312SP,KSFO,KMIA,268,1310.65
N199SP,KDCA,KORD,355,6705.08
N170SP,KSFO,KSEA,192,5313.19
N566SP,KPHL,KMIA,221,1821.52
N247SP,KBOS,KDEN,213,4681.08
N523SP,KDEN,KBOS,329,8986.19
N247SP,KORD,KSFO,81,6894.79
N913SP,KATL,KDCA,378,6351.61
N519SP,KDEN,KDFW,82,1202.15
N727SP,KDFW,KDCA,231,8217.52
N302SP,KBOS,KSFO,169,1504.84
N519SP,KDCA,KSFO,124,8302.18
N519SP,KMIA,KDEN,122,5734.04
N566SP,KMIA,KDCA,79,3583.44
N197SP,KSEA,KATL,297,7885.16
N899SP,KBOS,KATL,260,3051.37
N115SP,KMIA,KATL,307,3213.57
N899SP,KMIA,KDEN,101,5158.26
N519SP,KORD,KDCA,285,4384.79
N727SP,KSFO,KORD,72,912.87
N758SP,KDEN,KPHL,263,5973.79
N137SP,KDEN,KSEA,160,5839.70
N758SP,KSEA,KORD,121,4236.87
N443SP,KPHL,KSEA,137,8897.24
N758SP,KDEN,KSFO,135,4490.28
N462SP,KDFW,KDEN,126,6425.21
N197SP,KBOS,KSEA,235,4139.27
N501SP,KORD,KPHL,170,1132.43
N180SP,KDCA,KMIA,173,6734.16
N170SP,KSFO,KSEA,63,8641.16
N312SP,KSFO,KDFW,193,4213.91
N399SP,KATL,KBOS,345,2269.59
N357SP,KDEN,KBOS,269,4282.82
N170SP,KPHL,KSEA,48,4133.32
N899SP,KSEA,KBOS,204,2906.62
N170SP,KDEN,KDCA,61,3253.79
N859SP,KDFW,KMIA,387,8829.28
N899SP,KORD,KDFW,388,6762.15
N698SP,KMIA,KORD,55,5266.35
N519SP,KATL,KORD,94,2433.26
N808SP,KSFO,KDFW,338,2629.80
N613SP,KMIA,KDEN,224,6388.21
N357SP,KDCA,KATL,335,6375.03
N913SP,KSEA,KATL,222,8365.17
N312SP,KSFO,KPHL,233,3552.98
N191SP,KATL,KDEN,370,8284.47
N247SP,KDCA,KPHL,365,4654.05
N180SP,KDFW,KMIA,232,2719.81
N727SP,KBOS,KPHL,190,8875.73
N151SP,KSFO,KATL,105,3386.04
N443SP,KDFW,KORD,237,3844.84
N357SP,KBOS,KDCA,219,6162.97
N913SP,KDFW,KMIA,92,1094.23
N808SP,KPHL,KATL,176,2904.05
N859SP,KMIA,KBOS,242,3905.36
N613SP,KSEA,KDEN,85,2788.56
N151SP,KATL,KSFO,258,7415.14
N760SP,KSFO,KBOS,233,6676.90
N765SP,KBOS,KSFO,256,1853.78
N302SP,KMIA,KORD,185,7549.91
N191SP,KDFW,KATL,142,4592.42
N760SP,KSFO,KDEN,354,7198.70
N482SP,KMIA,KDCA,343,6996.08
N170SP,KATL,KSFO,110,4583.64
N399SP,KPHL,KDFW,326,3349.61
N808SP,KORD,KDEN,130,2606.52
N197SP,KSFO,KSEA,91,7389.84
N462SP,KSFO,KDEN,162,5465.42
N197SP,KBOS,KSFO,308,6460.90
N462SP,KSEA,KBOS,216,6282.90
N151SP,KDEN,KDCA,272,7073.61
N501SP,KBOS,KPHL,334,2287.08
N125SP,KSEA,KDEN,248,7635.39
N613SP,KDCA,KBOS,73,8092.74
N180SP,KSFO,KDFW,69,3478.43
N191SP,KPHL,KSEA,208,8493.22
N859SP,KDCA,KDFW,334,7094.96
N131SP,KSEA,KDFW,355,6515.45
N758SP,KSEA,KDFW,214,8248.38
N519SP,KATL,KPHL,383,1723.98
N151SP,KDFW,KSFO,154,1077.32
N131SP,KPHL,KSFO,289,6319.63
N791SP,KSFO,KBOS,320,4107.05
N364SP,KORD,KSEA,376,5879.29
N519SP,KMIA,KSEA,210,4071.90
N519SP,KATL,KDCA,89,6064.86
N698SP,KATL,KDFW,178,5194.00
N765SP,KORD,KMIA,384,6210.54
N199SP,KDEN,KMIA,266,6019.04
N519SP,KMIA,KSFO,51,3175.90
N302SP,KDEN,KORD,364,2128.39
N364SP,KORD,KSEA,259,2912.24
N941SP,KBOS,KSEA,147,7903.00
N941SP,KSEA,KMIA,344,7744.75
N357SP,KSEA,KBOS,266,6703.55
N519SP,KDFW,KSEA,302,4722.91
N765SP,KORD,KATL,64,3707.44
N151SP,KDFW,KSEA,48,7316.70
N180SP,KMIA,KDEN,77,1627.46
N523SP,KPHL,KDFW,224,3350.60
N758SP,KDFW,KPHL,232,6580.19
N199SP,KMIA,KSEA,210,1713.35
N586SP,KSEA,KDCA,119,5634.74
N125SP,KDCA,KSEA,370,6264.44
N808SP,KPHL,KDFW,291,1622.99
N364SP,KMIA,KBOS,383,3771.23
N302SP,KSFO,KPHL,364,6318.38
N519SP,KSEA,KMIA,303,4109.10
N523SP,KMIA,KORD,268,4247.51
N131SP,KDEN,KSFO,160,3280.48
N247SP,KDEN,KSEA,226,7324.87
N247SP,KSFO,KDEN,152,6229.04
N899SP,KDEN,KDFW,363,6708.24
N197SP,KSEA,KATL,246,7231.69
N859SP,KDEN,KORD,307,6593.78
N259SP,KSFO,KSEA,82,2484.47
N566SP,KPHL,KATL,84,2824.23
N312SP,KMIA,KDEN,45,8164.50
N698SP,KBOS,KDCA,261,5104.61
N899SP,KORD,KATL,294,1793.32
N791SP,KDCA,KBOS,219,5942.66
N312SP,KPHL,KDFW,59,5500.55
N501SP,KORD,KBOS,379,5807.48
N482SP,KPHL,KBOS,95,4909.80
N462SP,KDFW,KPHL,281,5334.68
N566SP,KSFO,KSEA,69,5529.20
N614SP,KDEN,KMIA,182,7152.14
N191SP,KDCA,KPHL,45,7927.86
N698SP,KSEA,KATL,82,4233.19
N462SP,KDFW,KDCA,353,3133.30
N247SP,KSEA,KMIA,127,2827.36
N899SP,KSEA,KPHL,285,5986.64
